Points,FPS
100000,17.94877
150000,12.10881
200000,10.56974
250000,8.15379
300000,6.430343
350000,5.308481
400000,4.856194
450000,3.890752
500000,3.571276
550000,3.482659
600000,3
650000,3
700000,3
750000,3
800000,3
850000,3
900000,3
950000,3
1000000,3
1050000,3
1100000,3
1150000,3
1200000,3
1250000,3
1300000,3
1350000,3
1400000,3
1450000,3
1500000,3
1550000,3
1600000,3
1650000,3
1700000,3
1750000,3
1800000,3
1850000,3
1900000,3
1950000,3
2000000,3
